number,value,params_alpha,params_colsample_bytree,params_eval_metric,params_lambda,params_learning_rate,params_max_depth,params_min_child_weight,params_objective,params_subsample,params_tree_method,state
0,0.7121389984063599,0.005909594310723796,0.7717771994262627,rmse,0.001037888934159147,0.0042036700019641325,7,45,reg:squarederror,0.5823143579465739,gpu_hist,COMPLETE
1,0.6959275008305684,1.0652389506416822,0.9649610376560547,rmse,0.0020775716055173154,0.03498178818637933,9,203,reg:squarederror,0.9829581593340329,gpu_hist,COMPLETE
2,0.7057196654394235,0.017456271886959092,0.5614785661719333,rmse,3.978061140814467,0.09669392310486785,13,289,reg:squarederror,0.7298668967807476,gpu_hist,COMPLETE
3,0.6987346357125296,0.0013660325522214221,0.8838815142777878,rmse,0.0014194212551807053,0.009238828066615587,7,147,reg:squarederror,0.6130674744375461,gpu_hist,COMPLETE
4,0.7024061583622702,0.040914700126480734,0.8643510697567323,rmse,0.15571984855493298,0.029671411638499283,3,287,reg:squarederror,0.43591814010864927,gpu_hist,COMPLETE
5,0.6986918193100228,8.603618539333716,0.5822423115454693,rmse,2.402366629958217,0.048846552323797185,13,221,reg:squarederror,0.5075904821984953,gpu_hist,COMPLETE
6,0.6956394458369435,0.19799933745267256,0.8507404728175127,rmse,0.09953074374587069,0.016806397396840596,9,157,reg:squarederror,0.993650858869476,gpu_hist,COMPLETE
7,0.6999736063063864,0.008535678433100775,0.3275688526119827,rmse,0.010381227361555787,0.06329577881774454,3,5,reg:squarederror,0.8244374947807451,gpu_hist,COMPLETE
8,2.2659365585170153,0.005073251242955265,0.9726033925403692,rmse,0.003508560923234026,0.001237594075928423,5,196,reg:squarederror,0.5601713449590471,gpu_hist,COMPLETE
9,0.7027295591728199,0.1167028422121272,0.7957696691320048,rmse,0.001139461807444847,0.005470200822122645,7,207,reg:squarederror,0.5953033199850034,gpu_hist,COMPLETE
10,0.6952192580454816,0.3021723202583141,0.6815624579081543,rmse,0.11646162866204167,0.01861421578426582,9,97,reg:squarederror,0.9909793269078854,gpu_hist,COMPLETE
11,0.6956352583282827,0.31850031887066543,0.6929268827731646,rmse,0.0952212965915517,0.015747086784790396,9,101,reg:squarederror,0.998778387943561,gpu_hist,COMPLETE
12,0.695132607054451,0.6692522159980685,0.6807055747356056,rmse,0.1307263172935381,0.016519211099965656,9,93,reg:squarederror,0.8916338898911308,gpu_hist,COMPLETE
13,0.694791701893669,1.819226061114076,0.45755053214715347,rmse,0.4274142038661716,0.017872187702645273,15,80,reg:squarederror,0.8604127554018567,gpu_hist,COMPLETE
14,0.695393962279543,2.6980892834197343,0.42579811968102205,rmse,0.632399585215878,0.008093196103652259,15,70,reg:squarederror,0.8609370792125187,gpu_hist,COMPLETE
15,1.3974009759742378,1.460725077748897,0.4842732414625686,rmse,0.5626124899196953,0.0018188863109932737,20,18,reg:squarederror,0.8643048549177564,gpu_hist,COMPLETE
16,0.7652494203304301,9.442769448119435,0.3349402612137094,rmse,0.022035574741050463,0.0032820974118095807,17,128,reg:squarederror,0.7487905270209331,gpu_hist,COMPLETE
17,0.6953852979390139,0.6044150262672103,0.5851534952066778,rmse,9.697387309036868,0.02470228050572983,11,53,reg:squarederror,0.9063110795918987,gpu_hist,COMPLETE
18,0.6945634220895456,3.2325622176925157,0.46126203623711565,rmse,0.5584399147481631,0.011907589676921678,15,96,reg:squarederror,0.7934876450795468,gpu_hist,COMPLETE
19,0.696493175729456,3.1764162572070402,0.4390817597487577,rmse,1.0976222972073284,0.006915361897063492,15,128,reg:squarederror,0.776131235628546,gpu_hist,COMPLETE
20,0.6944663480303347,2.9141559737034797,0.5061883626363739,rmse,0.34671726290780347,0.012744265792013036,15,35,reg:squarederror,0.7035118045251564,gpu_hist,COMPLETE
21,0.6944195793573574,2.88392529098139,0.49832170408412146,rmse,0.3651978059192121,0.012270227967057575,15,34,reg:squarederror,0.6603383850177722,gpu_hist,COMPLETE
22,0.6945720062516147,5.213198086906759,0.5212845752851316,rmse,0.2513455896819303,0.010853221177733973,15,32,reg:squarederror,0.6626765585652546,gpu_hist,COMPLETE
23,0.6943487153924929,3.5933931165643074,0.3760568553648082,rmse,0.028100114151756474,0.011613120952106011,15,61,reg:squarederror,0.6729355076164755,gpu_hist,COMPLETE
24,0.7124036641872359,0.6806837974012382,0.39933058935158544,rmse,0.028140050598367685,0.00399588422231575,15,57,reg:squarederror,0.6746627523910399,gpu_hist,COMPLETE
25,0.6972448942199925,3.78481851153728,0.3717492629624453,rmse,0.036098085486209755,0.006485308334436172,15,4,reg:squarederror,0.6976888806577185,gpu_hist,COMPLETE
26,0.8343650670222427,1.3561712198508729,0.5138299491006091,rmse,0.052023438608692324,0.002834989494045674,5,31,reg:squarederror,0.6558989476927413,gpu_hist,COMPLETE
27,0.6948681845428557,0.06132693092140596,0.618070859265152,rmse,0.013134509400721958,0.012500898110035895,11,31,reg:squarederror,0.4887771979730471,gpu_hist,COMPLETE
28,0.7035378791251864,5.3779925348234645,0.3034581556076474,rmse,1.6514870958183465,0.005220513711425746,20,71,reg:squarederror,0.6344190211806555,gpu_hist,COMPLETE
29,0.7068847258831334,0.4897611605768681,0.38588568926257144,rmse,0.009510381588912407,0.0420618979927067,17,44,reg:squarederror,0.5739120637357333,gpu_hist,COMPLETE
30,0.6965174602864649,2.0811786330979953,0.5236248792436459,rmse,0.2604419371129208,0.02345259808704148,15,58,reg:squarederror,0.7132657193496499,gpu_hist,COMPLETE
31,0.6948813810008865,9.64116147027148,0.4790253268191388,rmse,0.9757305593065391,0.011444413376271088,15,115,reg:squarederror,0.7880165205927471,gpu_hist,COMPLETE
32,0.6943386413213146,4.636812025687945,0.3640879377373292,rmse,0.30974417270928184,0.012400002360872778,15,75,reg:squarederror,0.7718747401947668,gpu_hist,COMPLETE
33,0.6951410060672947,1.0337599298131845,0.36313029388267315,rmse,0.2640699140664674,0.007697739735726557,15,21,reg:squarederror,0.6972180193778162,gpu_hist,COMPLETE
34,0.6955589107056214,6.066723085820435,0.39393610122136885,rmse,0.06988468846510262,0.024031335993747703,15,46,reg:squarederror,0.7424093257331065,gpu_hist,COMPLETE
35,0.6948983026499758,0.9272302027770943,0.557809964957846,rmse,0.1818419683379893,0.009069982858514866,13,74,reg:squarederror,0.625445016677615,gpu_hist,COMPLETE
36,0.6982142737834145,4.676741203775396,0.4203616524299041,rmse,3.481492019139369,0.013687944364911492,7,149,reg:squarederror,0.5397672074367208,gpu_hist,COMPLETE
37,0.7014544948131858,2.297040249749805,0.6243559535554769,rmse,0.004279298305212589,0.038592109250022724,3,174,reg:squarederror,0.7510228021325993,gpu_hist,COMPLETE
38,0.6957152460474257,0.18402630209998802,0.30105932231425947,rmse,0.0592980133832937,0.029650022691774705,15,250,reg:squarederror,0.8248239791603165,gpu_hist,COMPLETE
39,0.6999476727693829,0.001262774642131468,0.3407092010809544,rmse,0.39093590360538705,0.0051613895925303665,13,1,reg:squarederror,0.7148658168249389,gpu_hist,COMPLETE
40,0.7184768236342299,0.022614106886157677,0.7264925867328533,rmse,0.9921652289553151,0.05783061249699297,15,19,reg:squarederror,0.60629713578586,gpu_hist,COMPLETE
41,0.6944009175418974,2.9584355528489557,0.47525860204517395,rmse,0.6512568032900841,0.010313285175554505,15,85,reg:squarederror,0.7879566170619139,gpu_hist,COMPLETE
42,0.6953795315880276,6.227675053857461,0.551429174599221,rmse,1.8796642017563607,0.008759634180190138,15,82,reg:squarederror,0.816643328836469,gpu_hist,COMPLETE
43,0.6993355280751242,1.4916569314321788,0.4840831442765729,rmse,0.19143499841238448,0.020384221656201018,5,113,reg:squarederror,0.9401604751039213,gpu_hist,COMPLETE
44,0.695854871969344,2.4286327550854114,0.9259195641322784,rmse,0.3514072261231394,0.014829802201933768,15,40,reg:squarederror,0.6807649761395151,gpu_hist,COMPLETE
45,0.7095893468172837,3.9474921011565405,0.4141332038773362,rmse,0.8510828160480486,0.010241118881808746,3,64,reg:squarederror,0.7717374737544584,gpu_hist,COMPLETE
46,0.7007454930597851,0.003896201052357052,0.44127319542043464,rmse,0.10438251949754644,0.006642432462661435,7,81,reg:squarederror,0.6357231278126577,gpu_hist,COMPLETE
47,0.6948738587665194,0.3435218837540334,0.3527384673230263,rmse,1.4256882522187726,0.013445007549269283,15,112,reg:squarederror,0.7383812441925873,gpu_hist,COMPLETE
48,0.694878624988297,6.888238961251937,0.5116441461279574,rmse,3.0416720418577277,0.018170377198858043,20,299,reg:squarederror,0.4064514769821364,gpu_hist,COMPLETE
49,0.6950058404963386,0.9513443194231465,0.6114435548473032,rmse,5.541153318401261,0.00996671356522858,17,17,reg:squarederror,0.7227070165822249,gpu_hist,COMPLETE
50,0.6950864917111949,1.602347503692719,0.468623852186804,rmse,0.5331601940152444,0.02980991041820935,11,133,reg:squarederror,0.6511183922488046,gpu_hist,COMPLETE
51,0.6943549583254305,3.496517558726814,0.45582966566896904,rmse,0.7353994738477178,0.013367902936801934,15,91,reg:squarederror,0.7975427621743841,gpu_hist,COMPLETE
52,0.6944642275061585,3.085793579563779,0.4401861352018513,rmse,0.6646664202750276,0.015287871801537855,15,92,reg:squarederror,0.8168456823780014,gpu_hist,COMPLETE
53,0.694151368306717,7.709586524154435,0.44506821003879976,rmse,0.7879729252898978,0.01535183619442937,15,94,reg:squarederror,0.817791318414584,gpu_hist,COMPLETE
54,0.6943179052451394,8.181451106114052,0.37814310361135883,rmse,2.4938596551171632,0.020534402611319506,15,166,reg:squarederror,0.8442590094973422,gpu_hist,COMPLETE
55,0.6952012947008095,8.077075845167773,0.37858294320212454,rmse,2.4815501143033507,0.020081364816473168,9,165,reg:squarederror,0.8847500994027813,gpu_hist,COMPLETE
56,0.7051070593415045,9.818247110017294,0.32549287953305717,rmse,7.6803740326921295,0.08577631239877817,15,180,reg:squarederror,0.8467368813685244,gpu_hist,COMPLETE
57,0.6944748933910964,6.365672240020654,0.4105738567372504,rmse,1.3719771808508243,0.021788743218611413,15,141,reg:squarederror,0.9564785980908317,gpu_hist,COMPLETE
58,0.6956262492409332,4.524130559000019,0.4537707402074988,rmse,5.31359837984382,0.030036196900573336,15,199,reg:squarederror,0.8002726191343621,gpu_hist,COMPLETE
59,0.7008508376405277,4.386616267013088,0.35730550007097484,rmse,2.484210385126271,0.016181724597870886,5,233,reg:squarederror,0.7625762156512247,gpu_hist,COMPLETE
60,0.696952448071761,2.161926745553703,0.3338435449646723,rmse,0.7282696335259161,0.00745195085017865,13,99,reg:squarederror,0.8385935557882056,gpu_hist,COMPLETE
61,0.6943032832087436,3.514464182926289,0.5382830155252907,rmse,0.4518286844457336,0.011344385944406439,15,85,reg:squarederror,0.8791850333342859,gpu_hist,COMPLETE
62,0.6946522458194723,7.536986206308213,0.5352477965693465,rmse,0.5068745936821583,0.010485396198564045,15,86,reg:squarederror,0.8801722078992965,gpu_hist,COMPLETE
63,0.6951315294368056,3.7007766866259106,0.4315201155696287,rmse,1.1641949796219488,0.008763392441166539,15,118,reg:squarederror,0.9213782446785117,gpu_hist,COMPLETE
64,0.6974385144149445,1.907838296570983,0.3992830977397374,rmse,0.15614311937767258,0.005928605659534602,15,106,reg:squarederror,0.8019755915138789,gpu_hist,COMPLETE
65,0.6944399842377241,5.341486206307498,0.46861261181865527,rmse,1.9393477880080325,0.01808892894618684,15,67,reg:squarederror,0.8469065430880047,gpu_hist,COMPLETE
66,0.694859923830506,3.447995677676696,0.38926004048677837,rmse,0.24716430281978227,0.014139260592388275,20,51,reg:squarederror,0.9016156270590348,gpu_hist,COMPLETE
67,0.6969211112325159,7.939757038818853,0.9961472250048291,rmse,0.7025745059371036,0.011527224029384404,9,86,reg:squarederror,0.8623597910576087,gpu_hist,COMPLETE
68,0.6949306281161607,1.2589439404316094,0.8105056943804732,rmse,0.01682775837321629,0.016635710398638537,15,126,reg:squarederror,0.7794795181647405,gpu_hist,COMPLETE
69,0.7161853648217725,9.986921299930247,0.49123906542522044,rmse,0.006226263694739945,0.004156435549847155,11,63,reg:squarederror,0.8352749764856598,gpu_hist,COMPLETE
70,0.6948345553054937,0.0020868833313403127,0.5913436357143955,rmse,0.08510682050075924,0.012637037309343126,17,75,reg:squarederror,0.7613242685269811,gpu_hist,COMPLETE
71,0.69495909366897,2.756451324376188,0.4540785781862318,rmse,0.4417282018138952,0.009551945226340487,15,159,reg:squarederror,0.8065958394056949,gpu_hist,COMPLETE
72,0.695985468760496,4.616091329927885,0.5011686897407276,rmse,0.27405193052584875,0.025676552680951894,15,105,reg:squarederror,0.6834428124097308,gpu_hist,COMPLETE
73,0.6953522706083758,2.6666540481255807,0.3712319824873906,rmse,0.3409656059002022,0.008227929424802034,15,61,reg:squarederror,0.8738450028339387,gpu_hist,COMPLETE
74,0.7090858687305232,6.397847698218584,0.5463496166004248,rmse,0.9117552472646493,0.010936637417353165,3,91,reg:squarederror,0.7342243290157208,gpu_hist,COMPLETE
75,0.6941842923392034,0.7676134464276387,0.5743176888154166,rmse,0.04568335711037068,0.012840564572558763,15,183,reg:squarederror,0.8259602646703638,gpu_hist,COMPLETE
76,0.6943400624838709,0.8020748658777196,0.5684348025678676,rmse,0.03938003968280137,0.014532455947286142,15,183,reg:squarederror,0.9224373012580285,gpu_hist,COMPLETE
77,0.6964373922845254,0.10668099006274798,0.5917813033390059,rmse,0.03573504428294097,0.01974255417693813,7,189,reg:squarederror,0.9707547415803235,gpu_hist,COMPLETE
78,0.6944741245040593,0.7942132305254914,0.6517232918307289,rmse,0.03891592201030282,0.014683393454859875,15,218,reg:squarederror,0.9153060015009606,gpu_hist,COMPLETE
79,0.6949504126690731,0.1864289780264874,0.6454603537443147,rmse,0.025623553316546997,0.01680437613481162,15,167,reg:squarederror,0.9309504388359683,gpu_hist,COMPLETE
80,0.6943215087585389,0.4954281475570915,0.5281613698159602,rmse,0.047995172281400655,0.012673614949814135,15,211,reg:squarederror,0.8527938200351676,gpu_hist,COMPLETE
81,2.7755643184837515,0.444963210861629,0.5760373087618659,rmse,0.04539590517638191,0.00101606248673052,15,209,reg:squarederror,0.8517677175174738,gpu_hist,COMPLETE
82,0.6942886360751807,0.5573845103498614,0.5284129567213518,rmse,0.0711686191922867,0.01260538395801919,15,189,reg:squarederror,0.8196336643572686,gpu_hist,COMPLETE
83,0.6944194720047017,0.5481372818341379,0.5710708923775967,rmse,0.06844673800537983,0.012310438900743301,15,194,reg:squarederror,0.8999887896138529,gpu_hist,COMPLETE
84,0.6949485054960551,0.3783428806063274,0.5524823258324107,rmse,0.01835536919231485,0.022057134931309837,15,183,reg:squarederror,0.870823042715084,gpu_hist,COMPLETE
85,0.6943032963064447,0.06337847096781185,0.6071075907717536,rmse,0.13516448707859302,0.0151033943042386,15,173,reg:squarederror,0.8248860331016299,gpu_hist,COMPLETE
86,0.6980840536139464,0.07558861480071515,0.6023582262818944,rmse,0.14396818108222217,0.02681233489485087,5,236,reg:squarederror,0.8249985204488752,gpu_hist,COMPLETE
87,0.6947172224843741,0.05039045648243018,0.6278836391712525,rmse,0.08426196704692081,0.01780901614489449,15,205,reg:squarederror,0.891290300052366,gpu_hist,COMPLETE
88,0.6942558102010558,0.23198236298026087,0.5327162619716883,rmse,0.05526271389310012,0.015704423173244882,13,175,reg:squarederror,0.8331336639742564,gpu_hist,COMPLETE
89,0.6960435572693398,0.2744195914936324,0.5314975728981626,rmse,0.11821344680120859,0.03510960001184477,13,172,reg:squarederror,0.8305855599812991,gpu_hist,COMPLETE
90,0.6945205260185521,0.25854874176981,0.6443610316817261,rmse,0.05412309564296776,0.015587221913991594,13,159,reg:squarederror,0.8118554068871733,gpu_hist,COMPLETE
91,0.6944928498750395,0.027757063222387086,0.5612498922129326,rmse,0.06628800674044344,0.013828315980104642,13,187,reg:squarederror,0.8586772766525046,gpu_hist,COMPLETE
92,0.6944012225118888,0.14939243968427843,0.5385384195538808,rmse,0.04334953367488451,0.011540273216227259,13,214,reg:squarederror,0.8426296356729218,gpu_hist,COMPLETE
93,0.6950759649230457,0.6757737985454391,0.518442964938092,rmse,0.0309936521448197,0.019546936867552066,15,149,reg:squarederror,0.7871837098211558,gpu_hist,COMPLETE
94,0.6946479752814141,0.14317378972887876,0.7004205614281204,rmse,0.08148799211916744,0.00961828504503356,15,172,reg:squarederror,0.9436955695298946,gpu_hist,COMPLETE
95,0.695569091948446,0.0859168493331322,0.5717789622450946,rmse,0.04860335443130617,0.02169037783291876,20,179,reg:squarederror,0.8194648633789123,gpu_hist,COMPLETE
96,0.7071189420633661,0.7881587542829589,0.6067654666404098,rmse,0.1053026594833954,0.014973395085572811,3,142,reg:squarederror,0.8697284202559873,gpu_hist,COMPLETE
97,0.6941817222312441,0.42628715962110275,0.4939580206877815,rmse,0.1943680976168054,0.012880532895479612,17,194,reg:squarederror,0.9124839674010523,gpu_hist,COMPLETE
98,0.6964200522910587,0.23860705410979396,0.4972738213129289,rmse,0.18242110231692363,0.007466333841388308,11,231,reg:squarederror,0.8884736733093221,gpu_hist,COMPLETE
99,0.6942329539837452,0.3998476470862767,0.5121194969420692,rmse,0.001818613467556781,0.012999281018661466,17,200,reg:squarederror,0.8329935708060909,gpu_hist,COMPLETE
100,0.6940913879079609,0.4090990244554426,0.5377682739389141,rmse,0.0034575790870551184,0.013036591176516937,17,196,reg:squarederror,0.8516722549641721,gpu_hist,COMPLETE
101,0.6942488081871377,0.42962198005751717,0.5249461125993403,rmse,0.0013849687324338487,0.012564031590056028,17,195,reg:squarederror,0.8545676948594918,gpu_hist,COMPLETE
102,0.694177479032262,0.3950325937930777,0.504081759055904,rmse,0.0014837958239195608,0.010854794868793646,17,193,reg:squarederror,0.830531208712121,gpu_hist,COMPLETE
103,0.694134118241707,0.4069090265949796,0.5041012521548839,rmse,0.0018054231132562165,0.010745339634729996,17,197,reg:squarederror,0.8319468830064234,gpu_hist,COMPLETE
104,0.6945338549537949,0.4191555637992769,0.5093221411162724,rmse,0.0019384355834105534,0.008615263148750852,17,193,reg:squarederror,0.9100794987080861,gpu_hist,COMPLETE
105,0.6940670785990203,0.31439610748612984,0.48471845317040796,rmse,0.0013526016510429363,0.010988407424941355,17,201,reg:squarederror,0.8625194633776574,gpu_hist,COMPLETE
106,0.6941623345189292,0.3342804947245562,0.4777224734427454,rmse,0.001030786175838421,0.010440034297766975,17,200,reg:squarederror,0.8330630619144087,gpu_hist,COMPLETE
107,0.6943254763406917,0.3151854747414378,0.48840992923638255,rmse,0.0010638883381972287,0.01007177247336854,17,200,reg:squarederror,0.8360259674456452,gpu_hist,COMPLETE
108,0.695994352225947,0.2177689931852959,0.48212055907302437,rmse,0.001469300934112617,0.006058409876639765,17,225,reg:squarederror,0.7946743338357031,gpu_hist,COMPLETE
109,0.69429920745762,0.14232238605965133,0.46644178491958965,rmse,0.002902130381127203,0.010768852924701719,17,248,reg:squarederror,0.8568353034921715,gpu_hist,COMPLETE
110,0.6946963923383083,0.3430574259526585,0.5075810302408417,rmse,0.0015065966648960807,0.007847571977202568,17,204,reg:squarederror,0.8650712402160405,gpu_hist,COMPLETE
111,0.694326193595313,0.5766780603063187,0.5200629988827494,rmse,0.002007983947836987,0.009430330923281107,17,190,reg:squarederror,0.8084868005988598,gpu_hist,COMPLETE
112,0.6941681626060319,0.3795926429684816,0.4919826542812442,rmse,0.0024470582212447996,0.012941433531216394,17,197,reg:squarederror,0.8330337447327976,gpu_hist,COMPLETE
113,0.6942688149979886,0.3673828496577953,0.4433828400382135,rmse,0.002705396999865915,0.013457057914772409,17,197,reg:squarederror,0.8340972642806422,gpu_hist,COMPLETE
114,0.6943497185828071,0.2733659151874092,0.4781099013320056,rmse,0.0011997842051712834,0.016901779154752807,17,222,reg:squarederror,0.8968516803530985,gpu_hist,COMPLETE
115,0.6942462591520185,0.45764893184397765,0.5031572857995805,rmse,0.004427457614354862,0.011525807122577243,17,201,reg:squarederror,0.8830833809541625,gpu_hist,COMPLETE
116,0.6943293296297813,1.23092149389259,0.49505179782023256,rmse,0.004136011524677203,0.01124666118536019,17,216,reg:squarederror,0.8869048641576516,gpu_hist,COMPLETE
117,0.6954572647166912,0.4470540442516285,0.4206011598348372,rmse,0.002668672228782701,0.006952426478275967,17,202,reg:squarederror,0.8769833798094516,gpu_hist,COMPLETE
118,0.6945850153966675,0.6849230791100319,0.4542780304076447,rmse,0.0017718134885046357,0.008798543288753203,17,209,reg:squarederror,0.8472448930625104,gpu_hist,COMPLETE
119,0.694329694154443,0.1687179586623004,0.5086436005018238,rmse,0.005702493979478317,0.01005212836074638,17,195,reg:squarederror,0.8614769929299659,gpu_hist,COMPLETE
120,1.23498836830878,0.32728981129625023,0.47057475992210474,rmse,0.0023409245630098383,0.001988936828058329,17,184,reg:squarederror,0.7803939092066168,gpu_hist,COMPLETE
121,0.6942044275110759,0.23238575887473947,0.5458334422961014,rmse,0.0033787282305244998,0.01337781576491075,17,202,reg:squarederror,0.8310285230184281,gpu_hist,COMPLETE
122,0.6941677865567255,0.3986094154475674,0.48967638654827605,rmse,0.003573010519774235,0.013426210070486768,17,225,reg:squarederror,0.8104367536006657,gpu_hist,COMPLETE
123,0.6944663276020836,0.4901492878686703,0.4829922274140743,rmse,0.0033602230203611857,0.011699451197177288,17,242,reg:squarederror,0.8072095781761891,gpu_hist,COMPLETE
124,0.6942684233721738,0.010612985645509719,0.5533504309649236,rmse,0.006467851426616993,0.013970605486025094,17,226,reg:squarederror,0.7627940742580147,gpu_hist,COMPLETE
125,0.6943196232478714,0.37771158499434976,0.4352083816332346,rmse,0.003925707133992442,0.010930329105430372,17,208,reg:squarederror,0.8156674118629893,gpu_hist,COMPLETE
126,0.6944105168300325,0.21130429450880903,0.5050197409606636,rmse,0.0010036499305806415,0.01338037270662618,17,275,reg:squarederror,0.792240026114002,gpu_hist,COMPLETE
127,0.6945944792899984,1.06691523578271,0.49565950290098554,rmse,0.005028476359726331,0.0171957167021985,17,217,reg:squarederror,0.4864735765036998,gpu_hist,COMPLETE
128,0.6943245360835747,0.28023349580545365,0.5469996300123956,rmse,0.009567795163691512,0.00936091615540414,17,202,reg:squarederror,0.8272890159072285,gpu_hist,COMPLETE
129,0.694597068187591,0.604747237073378,0.4493820040674788,rmse,0.0016546220974428438,0.008080290574875706,17,181,reg:squarederror,0.8402371526541045,gpu_hist,COMPLETE
130,0.6941617231222686,0.3136383344957425,0.4640658353167685,rmse,0.0023264264883674397,0.011916870389556425,17,199,reg:squarederror,0.8702877331405419,gpu_hist,COMPLETE
131,0.6941448133505681,0.29117362734139934,0.46660525057247343,rmse,0.0022141839756165374,0.012397039085234717,17,211,reg:squarederror,0.8781387126958697,gpu_hist,COMPLETE
132,0.6941369816433598,0.30646918445667043,0.4737218404324753,rmse,0.0023835718530607875,0.012535981345830963,17,213,reg:squarederror,0.8690841166393887,gpu_hist,COMPLETE
133,0.6942810563252406,0.287045289339331,0.46456158246902324,rmse,0.002170149606677362,0.01040596106882459,17,213,reg:squarederror,0.8712661643060434,gpu_hist,COMPLETE
134,0.6944272880400826,0.11714393513016727,0.42550984422886307,rmse,0.007810269086072131,0.012302394379250289,17,230,reg:squarederror,0.9085571535389171,gpu_hist,COMPLETE
135,0.6943625431061105,0.1749966996050078,0.47587012874853696,rmse,0.0012714168111587515,0.014436534837618267,17,221,reg:squarederror,0.8973262014585424,gpu_hist,COMPLETE
136,0.6944625486847436,0.20849176643798809,0.4124751781546174,rmse,0.0031497233228019346,0.010663718722291863,17,210,reg:squarederror,0.8478716176085515,gpu_hist,COMPLETE
137,0.6954382616757697,0.31909422392346837,0.4859486473892917,rmse,0.002424633025458131,0.015750025771127576,9,205,reg:squarederror,0.9332189590887802,gpu_hist,COMPLETE
138,0.6978930132784925,0.5126413875802289,0.4658767548159729,rmse,0.0036026543560664297,0.011994828407162284,7,188,reg:squarederror,0.8682876999685418,gpu_hist,COMPLETE
139,0.6942018074085939,0.7059854052164423,0.44097828277226225,rmse,0.0022821444466441672,0.01363598476160962,17,238,reg:squarederror,0.8030232451884733,gpu_hist,COMPLETE
140,0.6944133437122709,0.9097105188294479,0.4326742137258879,rmse,0.0022130419452539973,0.018128996818574033,17,242,reg:squarederror,0.8040362452849728,gpu_hist,COMPLETE
141,0.6941392852206567,0.6822633053558108,0.4457219369317635,rmse,0.0015254570225213444,0.013587805373652622,17,193,reg:squarederror,0.844978594509946,gpu_hist,COMPLETE
142,0.6941517623397925,0.6752968535720205,0.4475767059634549,rmse,0.001300348512467618,0.014603873126091196,17,255,reg:squarederror,0.8178605858548187,gpu_hist,COMPLETE
143,0.6946473459930255,0.6185520168066072,0.4572754923642786,rmse,0.0012729180704024851,0.009435447984098658,17,272,reg:squarederror,0.8551024028500389,gpu_hist,COMPLETE
144,0.6943032679764009,0.3500553430075193,0.4042042245879042,rmse,0.00163032100448121,0.01597288782309185,17,191,reg:squarederror,0.8183792569297363,gpu_hist,COMPLETE
145,0.6942925514394742,0.8183794726191371,0.45160224398728094,rmse,0.0010121871698029665,0.014849766180678702,17,252,reg:squarederror,0.8428540414374899,gpu_hist,COMPLETE
146,0.694265040881647,0.5262744252146944,0.489446080837921,rmse,0.0014288951087609145,0.011943545273244696,17,255,reg:squarederror,0.8783443760347688,gpu_hist,COMPLETE
147,0.7025392499007644,0.387132384987619,0.47344286475638697,rmse,0.0017640069634184989,0.010568841754986333,5,178,reg:squarederror,0.8565278922255639,gpu_hist,COMPLETE
148,0.6945318745865892,0.2847774644048489,0.46382562581075637,rmse,0.0012017127385310843,0.008944550572325169,17,194,reg:squarederror,0.823195096426333,gpu_hist,COMPLETE
149,0.6941063447808811,1.0204169192970431,0.4431632172506239,rmse,0.0028643840495735278,0.01261991276252513,17,184,reg:squarederror,0.9560427608490228,gpu_hist,COMPLETE
150,0.6945178633350744,1.0033245859368096,0.4244751043551078,rmse,0.002821333304563999,0.018564213340684674,17,215,reg:squarederror,0.9716973646957365,gpu_hist,COMPLETE
151,0.6942168586294825,1.7193050395032894,0.44737195529172746,rmse,0.001980571755498138,0.012849844935558723,17,186,reg:squarederror,0.9546005281998586,gpu_hist,COMPLETE
152,0.6942069807205172,0.62432385882748,0.49083204334424024,rmse,0.0014233826783961762,0.011751278796063372,17,197,reg:squarederror,0.926487686237638,gpu_hist,COMPLETE
153,0.694324567239945,0.4324164403979951,0.4801936523668179,rmse,0.0016271168748529696,0.014330773921376931,17,211,reg:squarederror,0.9835641703988142,gpu_hist,COMPLETE
154,0.6942324222473082,1.1439702326819576,0.51614196509853,rmse,0.0023251749590003806,0.010148537902870894,17,169,reg:squarederror,0.8445018606101646,gpu_hist,COMPLETE
155,0.6946028758747851,0.7608132184432994,0.43211098153072103,rmse,0.0029392097930331135,0.016535277689991645,20,184,reg:squarederror,0.8635757645282652,gpu_hist,COMPLETE
156,0.6942560708711037,0.49889830630980436,0.4604893123309492,rmse,0.001203935567175175,0.011240236510122051,17,207,reg:squarederror,0.8888016511429253,gpu_hist,COMPLETE
157,0.694698124244325,0.3121558569030044,0.4459349018128756,rmse,0.0019762285949422266,0.012867898959612671,11,193,reg:squarederror,0.9063058285571709,gpu_hist,COMPLETE
158,0.7069941415202222,0.38675651231368413,0.4983644524070143,rmse,0.0025816057561224444,0.01553619631024981,3,268,reg:squarederror,0.8113840958062724,gpu_hist,COMPLETE
159,0.6942859589175742,0.2458132126041092,0.47486713613432074,rmse,0.0016164863521610391,0.01410796453770795,17,162,reg:squarederror,0.946541874320993,gpu_hist,COMPLETE
160,0.6948516600303256,1.4575247289796638,0.41630013616490835,rmse,0.01175086947608178,0.010010651935846937,17,219,reg:squarederror,0.831964951025135,gpu_hist,COMPLETE
161,0.6941419251973082,0.6765909019769487,0.4383883610168994,rmse,0.004921524780123279,0.013365293682097963,17,228,reg:squarederror,0.7964438810188139,gpu_hist,COMPLETE
162,0.6943671854576272,0.6056574044169016,0.4602831465933583,rmse,0.00468409232844164,0.0119222745868869,17,228,reg:squarederror,0.7846256835585756,gpu_hist,COMPLETE
163,0.6941255831367185,0.8453239820791333,0.3918818302709828,rmse,0.0032326398647009344,0.013549679276644766,17,198,reg:squarederror,0.8128739617773609,gpu_hist,COMPLETE
164,0.6943648918748206,0.4780644961981018,0.38664450171944004,rmse,0.0034141179109290457,0.01398632388482204,17,223,reg:squarederror,0.792325225891946,gpu_hist,COMPLETE
165,0.6942640456747514,0.3367158536184768,0.40030036561623883,rmse,0.005103506429782731,0.011129351769778337,17,198,reg:squarederror,0.8181172045019665,gpu_hist,COMPLETE
166,0.6941502450953391,0.5869084096845095,0.43955628472281105,rmse,0.004000061077256472,0.012881474626467779,17,206,reg:squarederror,0.8438712658190647,gpu_hist,COMPLETE
167,0.6941958579806023,0.8868610854871524,0.438308740416027,rmse,0.004040171297362486,0.016868367618334167,17,258,reg:squarederror,0.7729794922301638,gpu_hist,COMPLETE
168,0.6954531101409905,0.6596012911981279,0.4122083044105754,rmse,0.002532659797805786,0.015147976842201467,9,206,reg:squarederror,0.8470995013530811,gpu_hist,COMPLETE
169,0.6946902321363084,0.5572685572635145,0.42660750311703993,rmse,0.007235427597910395,0.009353526302206577,17,212,reg:squarederror,0.8086964648624982,gpu_hist,COMPLETE
170,0.6977983521870728,1.0244574511230398,0.44706338790993655,rmse,0.001965645523722402,0.012578906484366905,7,219,reg:squarederror,0.838615974515134,gpu_hist,COMPLETE
171,0.6941153610700761,0.41767787168003156,0.4725705685032785,rmse,0.0031417372016369523,0.013347110102275666,17,200,reg:squarederror,0.8743310157132848,gpu_hist,COMPLETE
172,0.6939758125235556,0.4072531288477996,0.4740781404213422,rmse,0.0031094280135164887,0.01376083612591711,17,203,reg:squarederror,0.8668066564304174,gpu_hist,COMPLETE
173,0.6942840368640933,0.5403239343609886,0.47283493316747105,rmse,0.0031017359600821522,0.013901206567790194,17,204,reg:squarederror,0.8726266184744761,gpu_hist,COMPLETE
174,0.6941511416764563,0.27160081116898027,0.46574530678186865,rmse,0.003909494677324808,0.015192186275539024,17,201,reg:squarederror,0.8609381897706794,gpu_hist,COMPLETE
175,0.6947244256540533,0.24384055167009044,0.4280471972884582,rmse,0.00407182183266634,0.01891236684615266,17,208,reg:squarederror,0.863166231650362,gpu_hist,COMPLETE
176,0.6943639476393949,0.19376493450482268,0.4589112578546311,rmse,0.005446184884005234,0.01567253382634427,17,215,reg:squarederror,0.8844717470755965,gpu_hist,COMPLETE
177,0.694404649436961,0.7231735214074168,0.4416554880509865,rmse,0.0037292974149337687,0.017133443810964665,17,201,reg:squarederror,0.8536083845654877,gpu_hist,COMPLETE
178,0.6942887503783326,0.29889641544637174,0.4014594758959821,rmse,0.0031365323243569606,0.014958233568501669,17,223,reg:squarederror,0.8754973498040044,gpu_hist,COMPLETE
179,0.694203422238029,0.442047887372854,0.47407435818808563,rmse,0.004418537311337846,0.011933558185476012,17,188,reg:squarederror,0.8530276270188765,gpu_hist,COMPLETE
180,0.6944451052423999,0.3390443629934281,0.45390421924523766,rmse,0.0035291344315482687,0.014126294816554216,17,205,reg:squarederror,0.8707023882778918,gpu_hist,COMPLETE
181,0.6942361075297689,0.39836286076631855,0.48665464849490736,rmse,0.0026954852462524517,0.013227357718567982,17,197,reg:squarederror,0.8438926326722216,gpu_hist,COMPLETE
182,0.6942407874705595,0.25370204785976713,0.4638258325545088,rmse,0.0023108296544918365,0.012531617941684331,17,200,reg:squarederror,0.8254135950971231,gpu_hist,COMPLETE
183,0.694812434137207,0.4854720768024936,0.8846763751746646,rmse,0.002080298839529596,0.011148923302924756,17,212,reg:squarederror,0.862388689992887,gpu_hist,COMPLETE
184,0.6943216888098301,0.32536194012635866,0.48247783611023226,rmse,0.0029146881283497778,0.01355400661187504,17,190,reg:squarederror,0.8390171717792576,gpu_hist,COMPLETE
185,0.7006081466091123,0.85597191796338,0.4415195933028592,rmse,0.0018186137620650486,0.015541582772026089,5,235,reg:squarederror,0.89513616272313,gpu_hist,COMPLETE
186,0.6942664361807909,0.5779949873162366,0.4694203066070831,rmse,0.0047149374536370895,0.012095254706523166,17,197,reg:squarederror,0.8014210417473177,gpu_hist,COMPLETE
187,0.6945507251722092,0.27888699698762376,0.7420939930315373,rmse,0.003509827107840844,0.01047836657417207,17,207,reg:squarederror,0.8545325629088886,gpu_hist,COMPLETE
188,0.6944216740965571,0.3659275325480852,0.42114417552672495,rmse,0.002417700249865161,0.017267945040229292,17,219,reg:squarederror,0.8226183175965107,gpu_hist,COMPLETE
189,0.6941471285626805,0.4488355357502982,0.49583128335284404,rmse,0.0062892881445652145,0.014614306748572843,17,200,reg:squarederror,0.8790135379610994,gpu_hist,COMPLETE
190,0.6942955941139283,0.7191344476179242,0.45107460798285814,rmse,0.0070893638403922935,0.014649704707081004,20,179,reg:squarederror,0.8831019459444619,gpu_hist,COMPLETE
191,0.6941435210159141,0.4549652382692428,0.48933596447580774,rmse,0.0029086863370773393,0.013131257628374464,17,201,reg:squarederror,0.8665271967518384,gpu_hist,COMPLETE
192,0.6941716674929643,0.4636843169795733,0.5136825357358649,rmse,0.005953295962673433,0.01171170393952448,17,202,reg:squarederror,0.8670523721407094,gpu_hist,COMPLETE
193,0.6941021564955596,0.5649403007690148,0.4837128159779479,rmse,0.004016745919353171,0.01348364861499094,17,212,reg:squarederror,0.8910801968429763,gpu_hist,COMPLETE
194,0.6940757312820718,0.6196185777796305,0.4706335425181953,rmse,0.005040758497951352,0.01614791171277614,17,212,reg:squarederror,0.8939609994934853,gpu_hist,COMPLETE
195,0.6945258237516592,0.5502044465509953,0.4589854262239852,rmse,0.008067027922386326,0.01808772948461112,17,211,reg:squarederror,0.9016310664644255,gpu_hist,COMPLETE
196,0.6948306986155681,0.6432663307875114,0.435212313491611,rmse,0.004468359847968749,0.020009566720687655,17,216,reg:squarederror,0.8927003092391466,gpu_hist,COMPLETE
197,0.7066778304470047,0.9366830798681733,0.5006655194364075,rmse,0.006224424966307891,0.016357719828388653,3,192,reg:squarederror,0.8777286732312567,gpu_hist,COMPLETE
198,0.6942329217899924,0.7890841995457412,0.4734198348371233,rmse,0.005210481939841472,0.014760025675495067,17,205,reg:squarederror,0.882493435605266,gpu_hist,COMPLETE
199,0.6941881336448769,1.222755579148971,0.4531226122588066,rmse,0.003954513535805708,0.016044104732856994,17,187,reg:squarederror,0.913961176818541,gpu_hist,COMPLETE
200,0.6943066317035186,0.5092215646733697,0.48784125261628647,rmse,0.0030493443035934727,0.01341143816816586,17,211,reg:squarederror,0.8667508558347621,gpu_hist,COMPLETE
201,0.6948650344686031,0.6535026702989268,0.47784249287551006,rmse,0.0011757262030691838,0.01231719359121504,11,199,reg:squarederror,0.8581614015357047,gpu_hist,COMPLETE
202,0.6942413034948239,0.4516307177435314,0.464278456264698,rmse,0.0030995551600531924,0.01441205868159831,17,204,reg:squarederror,0.9956642041711113,gpu_hist,COMPLETE
203,0.6941998126979537,0.2955639834547683,0.5009059436015549,rmse,0.0014072644227757657,0.010807807099884943,17,196,reg:squarederror,0.8774180468194946,gpu_hist,COMPLETE
204,0.6946544751879586,0.5735275931558076,0.3496025523976127,rmse,0.0010095635499647643,0.01305839307996596,17,208,reg:squarederror,0.9009369799073954,gpu_hist,COMPLETE
205,0.6942242554280575,0.4173668396812466,0.47847946332278546,rmse,0.0018832340457583204,0.011298393847001919,17,193,reg:squarederror,0.8890434821913248,gpu_hist,COMPLETE
206,0.6944285009619307,0.33728162236683085,0.31887502351192837,rmse,0.004817601022861506,0.014813800985034951,17,214,reg:squarederror,0.8485849848236163,gpu_hist,COMPLETE
207,0.6942774704852376,0.7056064439394513,0.4393084527765007,rmse,0.0026411540118081293,0.012263501289666795,17,200,reg:squarederror,0.8556291217070833,gpu_hist,COMPLETE
208,0.698868675736698,0.2159549077484477,0.46645572966781546,rmse,0.003944330285495166,0.009703767780664863,7,184,reg:squarederror,0.8632863056359388,gpu_hist,COMPLETE
209,0.6943208106019392,0.5013285589889854,0.5153469681934164,rmse,0.0015644706605966179,0.016163030558165283,17,264,reg:squarederror,0.8422690568435361,gpu_hist,COMPLETE
210,0.6956122732110744,0.3674155523774081,0.41384045734432046,rmse,0.002137098237600744,0.01373361547215561,9,190,reg:squarederror,0.8728117641026715,gpu_hist,COMPLETE
211,0.6942109270684451,0.42464771466410994,0.4926372957697847,rmse,0.0035490819861506337,0.01298430005569864,17,224,reg:squarederror,0.8354314559264455,gpu_hist,COMPLETE
212,0.6942784859421697,0.5885018935301846,0.48516477237937616,rmse,0.0029721328982893727,0.014030630587134373,17,300,reg:squarederror,0.819441229587499,gpu_hist,COMPLETE
213,0.6942762136893809,0.26933118549538554,0.44919100017935365,rmse,0.0054597459118738865,0.011698817707833303,17,229,reg:squarederror,0.8889671322629099,gpu_hist,COMPLETE
214,0.6942506450344147,0.378256932351583,0.46530699857589203,rmse,0.003692722694038705,0.015238933049468899,17,218,reg:squarederror,0.8484630456103769,gpu_hist,COMPLETE
215,0.6942897757074218,0.4831343349810538,0.47984001917708996,rmse,0.0025994950707908704,0.013122884741316409,17,207,reg:squarederror,0.8710178929850638,gpu_hist,COMPLETE
216,0.6943584371129738,0.838548497613395,0.5033436609074151,rmse,0.004416596810091774,0.010653247947144916,17,202,reg:squarederror,0.861025807203414,gpu_hist,COMPLETE
217,0.6944392933478778,0.31726212187985137,0.5269192653452387,rmse,0.0032046821299025452,0.0176458751306435,17,280,reg:squarederror,0.8081369781439158,gpu_hist,COMPLETE
218,0.6941315603717924,0.6508337665545407,0.4336311606678812,rmse,0.0017749591903316513,0.012234435694343463,17,213,reg:squarederror,0.8297972187045525,gpu_hist,COMPLETE
219,0.6940983081151885,0.73090788896151,0.432183836205758,rmse,0.0013193552185913004,0.01176617425768296,17,212,reg:squarederror,0.9181672466526017,gpu_hist,COMPLETE
220,0.6943824584313225,0.7129229977334967,0.42849194893358405,rmse,0.0018032441085358817,0.012105844800622358,17,211,reg:squarederror,0.9117202627285458,gpu_hist,COMPLETE
221,0.6943011407576362,1.0751494962605852,0.45444541124109766,rmse,0.0013330284245855024,0.011323174941416762,17,197,reg:squarederror,0.9271905090223962,gpu_hist,COMPLETE
222,0.6943410092933968,0.9164822824678054,0.43635905428070176,rmse,0.0011843717014422836,0.010193374982837294,17,207,reg:squarederror,0.9014623828503061,gpu_hist,COMPLETE
223,0.6943075464467786,0.6383336153805557,0.3963084818332542,rmse,0.0014234321047680832,0.014145044772991888,17,216,reg:squarederror,0.8807573090536871,gpu_hist,COMPLETE
224,0.6943485334758814,0.7669193345396718,0.4223740438233384,rmse,0.0016892077096528038,0.012454310437104429,17,203,reg:squarederror,0.8352860536006943,gpu_hist,COMPLETE
225,0.6942700653666357,0.5492078893712233,0.4434591435074322,rmse,0.002477469248293509,0.011269598649967162,17,193,reg:squarederror,0.9562487581448305,gpu_hist,COMPLETE
226,0.7006775659250973,0.4924555118468955,0.46136517990557013,rmse,0.0021218753060728997,0.015293584039642451,5,210,reg:squarederror,0.8909977594023081,gpu_hist,COMPLETE
227,0.694264615321344,0.6032148511768635,0.4475729743505607,rmse,0.001222662341854904,0.01317793570745811,17,198,reg:squarederror,0.8686900245612056,gpu_hist,COMPLETE
228,0.6945144383345709,0.4268467493704162,0.4114567793498024,rmse,0.0016385890083533282,0.009924308206833671,17,204,reg:squarederror,0.9710086651581697,gpu_hist,COMPLETE
229,0.6940863290788247,0.8481665102485978,0.4676695560391907,rmse,0.0027986478596357853,0.012205534151192791,17,217,reg:squarederror,0.8512061479150101,gpu_hist,COMPLETE
230,0.694220171943769,1.0038455450303547,0.4673672622182198,rmse,0.0027886551408019583,0.0138498461398213,17,222,reg:squarederror,0.8502471014535264,gpu_hist,COMPLETE
231,0.6942439688845583,0.8278786132213495,0.4791970866512685,rmse,0.0020756017275925264,0.0122895083936354,17,215,reg:squarederror,0.827153128018369,gpu_hist,COMPLETE
232,0.6943182090420342,1.3925836610698143,0.4552951388412533,rmse,0.004058664424183012,0.01131880402896856,17,211,reg:squarederror,0.8575414031761077,gpu_hist,COMPLETE
233,0.6942583546172626,0.6996516600889136,0.43022356107987464,rmse,0.0010010099266607527,0.012718270958994813,17,291,reg:squarederror,0.845262371301946,gpu_hist,COMPLETE
234,0.6940441978403877,0.5852977617876081,0.46768566737980644,rmse,0.0022685615966660634,0.014752611701444004,17,200,reg:squarederror,0.8678405927868301,gpu_hist,COMPLETE
235,0.6943365315391182,0.640644464892045,0.44161000429376635,rmse,0.0022251305990158583,0.015463435362124358,17,220,reg:squarederror,0.8771754199714977,gpu_hist,COMPLETE
236,0.6942129034523196,0.8983369124554712,0.46810032337923957,rmse,0.0029759075213347213,0.014401363963581658,20,206,reg:squarederror,0.8645715571475624,gpu_hist,COMPLETE
237,0.6944394249796138,0.5409360138378084,0.455923821787115,rmse,0.002492998462700978,0.0166519122273873,17,200,reg:squarederror,0.8812771382706215,gpu_hist,COMPLETE
238,0.6940846187238376,0.7512855435495478,0.49384082451541933,rmse,0.003355029193371759,0.013671457636583477,17,213,reg:squarederror,0.8932804744367367,gpu_hist,COMPLETE
239,0.6943113693225467,0.8157401580773203,0.49333673811404,rmse,0.0034397952965421197,0.0136856721931761,13,215,reg:squarederror,0.9053328911379753,gpu_hist,COMPLETE
240,0.6943814340608685,0.6674621992311273,0.4849088027570394,rmse,0.0049581427853141085,0.016261242384642983,17,228,reg:squarederror,0.8850437593972872,gpu_hist,COMPLETE
241,0.6943555183869001,0.5459123798529052,0.47146473079744994,rmse,0.0032103764219960445,0.012759691373226576,17,210,reg:squarederror,0.8911769056060923,gpu_hist,COMPLETE
242,0.6942229098576872,1.0503011685271666,0.4475910459407464,rmse,0.0020188023605881575,0.014742391782797628,17,193,reg:squarederror,0.8717131076176012,gpu_hist,COMPLETE
243,0.6940839983116729,0.45901329909957156,0.5042576569343218,rmse,0.0041358972421820074,0.011950695344652101,17,203,reg:squarederror,0.8581319808664339,gpu_hist,COMPLETE
244,0.6939800860540155,0.7567451218118463,0.510292508208598,rmse,0.004417232468907604,0.013851478693535249,17,206,reg:squarederror,0.9213594270934088,gpu_hist,COMPLETE
245,0.6949493979961969,0.7772620851068691,0.5104402603898065,rmse,0.004046208604768715,0.013553401738307543,11,219,reg:squarederror,0.9324727250732815,gpu_hist,COMPLETE
246,0.708671220776722,0.48439818535988166,0.5015024819076153,rmse,0.0051949552619125,0.011869403744597818,3,206,reg:squarederror,0.898018271283375,gpu_hist,COMPLETE
247,0.6942277249239885,0.43463210710861905,0.5177651555496325,rmse,0.004229292363176732,0.013067377090229631,17,214,reg:squarederror,0.9179218541810105,gpu_hist,COMPLETE
248,0.6942172665903641,1.2082052836149397,0.5013009418088435,rmse,0.00632778954545398,0.01462140898738226,17,204,reg:squarederror,0.8594192767297978,gpu_hist,COMPLETE
249,0.6943292534459834,0.5785998553241056,0.5311369540876726,rmse,0.003478402520561068,0.01125348192499203,17,210,reg:squarederror,0.9250654329797697,gpu_hist,COMPLETE
250,0.6940891426301479,0.9042863651087989,0.49036280441707003,rmse,0.002748139570007827,0.01237451975243129,17,197,reg:squarederror,0.8504591197399689,gpu_hist,COMPLETE
251,0.6938977954226339,0.9870468911658457,0.4960491252546589,rmse,0.004450810691613363,0.01243311101656323,17,196,reg:squarederror,0.8506942333325078,gpu_hist,COMPLETE
252,0.6940714325602907,1.1206189416905235,0.4879803972100001,rmse,0.0028825509088549876,0.01213906308307311,17,195,reg:squarederror,0.8488595050767865,gpu_hist,COMPLETE
253,0.6943550728481694,1.2926622413400095,0.4960506698314776,rmse,0.0027440378059150994,0.010574758497666226,17,189,reg:squarederror,0.8498059528349224,gpu_hist,COMPLETE
254,0.6941689086541104,1.04989212482789,0.5209503418987469,rmse,0.002863906080054726,0.012023832516083738,17,194,reg:squarederror,0.9141932419471676,gpu_hist,COMPLETE
255,0.6942295689716654,1.528077190066449,0.5075705520462682,rmse,0.0032554502284616637,0.01142094500595402,17,186,reg:squarederror,0.8758305466214963,gpu_hist,COMPLETE
256,0.694095640591118,1.1711546210333048,0.49168723702985473,rmse,0.004755930521034396,0.01243494829348371,17,197,reg:squarederror,0.8559701080317942,gpu_hist,COMPLETE
257,0.696333030440395,0.9557287319924663,0.4857724092986924,rmse,0.004609985271436884,0.010673586948253051,9,194,reg:squarederror,0.8538981788308628,gpu_hist,COMPLETE
258,0.7134096395654649,1.2004944213552766,0.48752980768154364,rmse,0.002524086565781802,0.09526034642858872,17,187,reg:squarederror,0.8386929334350384,gpu_hist,COMPLETE
259,0.6942380237753135,1.887554781066448,0.5172112476937051,rmse,0.0018712023011138567,0.012143928296164926,17,197,reg:squarederror,0.9388329357068795,gpu_hist,COMPLETE
260,0.6992078741685304,1.0889758358349964,0.5058997887807196,rmse,0.0034390300782664446,0.009097446330007376,7,181,reg:squarederror,0.8599941702103363,gpu_hist,COMPLETE
261,0.6942804120903421,0.9146581235087493,0.4791768325485444,rmse,0.0023542594263148402,0.012994855207387643,17,222,reg:squarederror,0.8435715161929723,gpu_hist,COMPLETE
262,0.6941499239237087,1.358843930310906,0.5374749196814149,rmse,0.0030107423799334006,0.011986333784216801,17,214,reg:squarederror,0.8693850627262613,gpu_hist,COMPLETE
263,0.6942422452561152,0.8426359349210456,0.49302502564573186,rmse,0.0050881728404963454,0.009991098684779784,17,202,reg:squarederror,0.8532063700445424,gpu_hist,COMPLETE
264,0.6942391346092174,0.7683927365799854,0.47800641931444277,rmse,0.0036118520641535974,0.011104562997275849,17,191,reg:squarederror,0.8935858444348946,gpu_hist,COMPLETE
265,0.6942040544614488,1.1110188515011228,0.5083045765633805,rmse,0.0028295879324437066,0.013665999649522455,17,197,reg:squarederror,0.8365806808825181,gpu_hist,COMPLETE
266,0.694101811256794,0.9911080403587328,0.48935753422753625,rmse,0.008368701995833349,0.012963516681637104,17,231,reg:squarederror,0.8639302508140493,gpu_hist,COMPLETE
267,0.6945759100663342,1.4145473582972183,0.5243759944805225,rmse,0.005950801640261252,0.013284391739259235,17,233,reg:squarederror,0.5804198415530916,gpu_hist,COMPLETE
268,0.6944208459652558,1.7138317983291684,0.49471043591556785,rmse,0.008244376099381447,0.012365702674619504,17,223,reg:squarederror,0.9484088532724221,gpu_hist,COMPLETE
269,0.6997777230525026,1.0244337907905798,0.3727584882579293,rmse,0.004495199734925068,0.05069656643924844,17,235,reg:squarederror,0.8627934504845426,gpu_hist,COMPLETE
270,0.7024622264370624,0.0010219863086295487,0.48395854694797047,rmse,0.004289323648460188,0.01082333355258111,5,227,reg:squarederror,0.851919870038276,gpu_hist,COMPLETE
271,0.6944090098844882,0.9313582331232722,0.5061481440588397,rmse,0.00555208407491377,0.013861459966938548,17,241,reg:squarederror,0.553882413912653,gpu_hist,COMPLETE
272,0.6943022643713065,0.7956942125079827,0.494038876894668,rmse,0.003650165130262466,0.011628365637634214,17,206,reg:squarederror,0.8291688810781134,gpu_hist,COMPLETE
273,0.694282459164754,0.7021123288881903,0.4786088711254077,rmse,0.0025598535016410776,0.012858058856797923,17,190,reg:squarederror,0.8676945514047761,gpu_hist,COMPLETE
274,0.6943431460172147,0.9135267638747092,0.46997689445952723,rmse,0.0018417035394114186,0.010233771464761088,17,200,reg:squarederror,0.8470013915364222,gpu_hist,COMPLETE
275,0.6940980971441387,0.722604485710097,0.5164575439611468,rmse,0.003038790437810742,0.014146317772312598,17,217,reg:squarederror,0.9041797215295471,gpu_hist,COMPLETE
276,0.6944113145257309,1.2604466748502985,0.5231306324130206,rmse,0.004795870035829823,0.015952473287142267,20,229,reg:squarederror,0.9073097124845035,gpu_hist,COMPLETE
277,1.5698194428978682,0.7396197913662976,0.543548033392176,rmse,0.0036749829941341923,0.0016664089469947776,17,217,reg:squarederror,0.44391237138472817,gpu_hist,COMPLETE
278,0.6943746839422136,1.1258562382178499,0.5150008546263495,rmse,0.001580305483315629,0.014261202481171907,17,221,reg:squarederror,0.8939787089597397,gpu_hist,COMPLETE
279,0.6945438319958914,0.8660504797679007,0.5331406820750031,rmse,0.0021874143894606807,0.011654874909305732,13,210,reg:squarederror,0.9220082833470953,gpu_hist,COMPLETE
280,0.694300735051502,0.683300671574858,0.49986254143844455,rmse,0.00728788632454628,0.01253129564510532,17,216,reg:squarederror,0.9115200189979044,gpu_hist,COMPLETE
281,0.6956794695025708,0.958927931425811,0.5113723550441404,rmse,0.0032639484762718887,0.009482410325494971,11,206,reg:squarederror,0.9614094284588119,gpu_hist,COMPLETE
282,0.7076530072488567,0.6470648512734298,0.47600172501927895,rmse,0.004198005111288359,0.013944931427384283,3,227,reg:squarederror,0.8871720453734953,gpu_hist,COMPLETE
283,0.6944543431681587,0.7510148511830469,0.49053162172212944,rmse,0.0026498238248036775,0.0170031350644729,17,193,reg:squarederror,0.836967412261245,gpu_hist,COMPLETE
284,0.6944942847381697,1.080706091604646,0.3886387193065906,rmse,0.0031382673150007713,0.015342772761433277,17,183,reg:squarederror,0.9039488293035526,gpu_hist,COMPLETE
285,0.6943677363388272,1.6352633252549804,0.45795000500370264,rmse,0.009123156887218957,0.010959979765184282,17,213,reg:squarederror,0.8825895634917449,gpu_hist,COMPLETE
286,0.7003186504621891,0.8456760313855891,0.47271411203216246,rmse,0.00546308695279785,0.004818015141494339,17,246,reg:squarederror,0.8571286041919562,gpu_hist,COMPLETE
287,0.6942802491319494,0.6380879721944556,0.49977495892461127,rmse,0.017907184940671787,0.012285607154046389,17,176,reg:squarederror,0.9397574481787264,gpu_hist,COMPLETE
288,0.6943374603503328,1.2837019547169335,0.5149270360343499,rmse,0.0018052024550506492,0.013755638229717003,17,196,reg:squarederror,0.8431158262712425,gpu_hist,COMPLETE
289,0.6943399129011767,0.5559912226728648,0.4814736594908254,rmse,0.003936338266668726,0.01507902437331899,17,208,reg:squarederror,0.826035741370373,gpu_hist,COMPLETE
290,0.6966203175632377,0.7761069022321246,0.46435206959838893,rmse,0.0022574946869326554,0.018630937434713488,7,222,reg:squarederror,0.874753905607794,gpu_hist,COMPLETE
291,0.6963488948794792,1.0569143427090602,0.4278444933426734,rmse,0.0014498329156063885,0.011390690459949029,9,234,reg:squarederror,0.8945165910860439,gpu_hist,COMPLETE
292,0.6947343688522782,0.6114233757168855,0.8157788137533856,rmse,0.004717405716835895,0.012931705082996521,17,204,reg:squarederror,0.8609096332897198,gpu_hist,COMPLETE
293,0.6945674632572961,0.03216723326598373,0.6722114633861773,rmse,0.0028490141953680242,0.01017043372370654,17,217,reg:squarederror,0.9250440305119744,gpu_hist,COMPLETE
294,0.6942746791551273,0.013084326093042102,0.5260062184535478,rmse,0.006607738006192718,0.013578305728158971,17,198,reg:squarederror,0.8494279911727184,gpu_hist,COMPLETE
295,0.7065314156159233,0.004721743720231601,0.489952739560793,rmse,0.003526313865803109,0.07295918350909797,17,211,reg:squarederror,0.8317554697668178,gpu_hist,COMPLETE
296,0.6945748713848222,0.8385671262579858,0.5047750956833481,rmse,0.0020357133014969834,0.008297971304903295,17,190,reg:squarederror,0.8804553529347855,gpu_hist,COMPLETE
297,0.6944954491183348,0.9388256133957906,0.4541215293927849,rmse,0.002508665772470587,0.01596546212425736,17,203,reg:squarederror,0.9026700992037812,gpu_hist,COMPLETE
298,0.6944771968357132,0.7051933198557375,0.4086407821920897,rmse,0.001652489228634389,0.011895016376058345,17,185,reg:squarederror,0.8735474017725492,gpu_hist,COMPLETE
299,0.7345209817573196,0.5496793197410428,0.4719556146014262,rmse,0.0032046570283313126,0.0035030326686892772,17,197,reg:squarederror,0.8418031768103488,gpu_hist,COMPLETE
